# source, target, weight, layer
0,1,1,1
0,37,1,1
0,251,1,3
0,70,1,4
0,63,1,14
0,202,1,16
0,41,1,20
0,75,1,26
0,87,1,26
0,13,1,30
0,64,1,30
0,70,1,30
0,25,1,31
0,54,1,33
0,13,1,36
0,13,1,37
1,6,1,1
1,7,1,1
1,9,1,1
1,13,1,1
1,14,1,1
1,16,1,1
1,17,1,1
1,19,1,1
1,21,1,1
1,23,1,1
1,25,1,1
1,26,1,1
1,27,1,1
1,29,1,1
1,30,1,1
1,31,1,1
1,33,1,1
1,34,1,1
1,37,1,1
1,39,1,1
1,40,1,1
1,41,1,1
1,42,1,1
1,44,1,1
1,47,1,1
1,49,1,1
1,50,1,1
1,53,1,1
1,54,1,1
1,56,1,1
1,57,1,1
1,58,1,1
1,60,1,1
1,61,1,1
1,63,1,1
1,65,1,1
1,66,1,1
1,67,1,1
1,70,1,1
1,74,1,1
1,76,1,1
1,77,1,1
1,78,1,1
1,79,1,1
1,81,1,1
1,82,1,1
1,83,1,1
1,95,1,1
1,98,1,1
1,100,1,1
1,107,1,1
1,111,1,1
1,121,1,1
1,146,1,1
1,154,1,1
1,163,1,1
1,165,1,1
1,171,1,1
1,174,1,1
1,180,1,1
1,183,1,1
1,186,1,1
1,195,1,1
1,198,1,1
1,201,1,1
1,207,1,1
1,214,1,1
1,218,1,1
1,224,1,1
1,227,1,1
1,243,1,1
1,275,1,1
1,277,1,1
1,282,1,1
1,283,1,1
1,345,1,1
1,11,1,4
1,70,1,4
1,23,1,5
1,56,1,6
1,66,1,6
1,106,1,6
1,180,1,6
1,204,1,6
1,215,1,6
1,224,1,6
1,6,1,7
1,26,1,8
1,27,1,8
1,30,1,8
1,243,1,8
1,14,1,9
1,79,1,10
1,82,1,10
1,65,1,11
1,49,1,12
1,63,1,14
1,193,1,14
1,16,1,15
1,60,1,15
1,350,1,15
1,214,1,17
1,76,1,19
1,29,1,20
1,34,1,20
1,41,1,20
1,74,1,20
1,174,1,20
1,49,1,22
1,107,1,23
1,14,1,26
1,283,1,26
1,359,1,26
1,63,1,28
1,5,1,29
1,15,1,29
1,35,1,29
1,72,1,29
1,127,1,29
1,13,1,30
1,64,1,30
1,25,1,31
1,9,1,32
1,52,1,32
1,54,1,33
1,77,1,34
2,37,1,1
2,66,1,1
2,70,1,1
2,180,1,1
2,251,1,3
2,23,1,5
2,37,1,6
2,42,1,6
2,56,1,6
2,66,1,6
2,71,1,6
2,95,1,6
2,106,1,6
2,121,1,6
2,165,1,6
2,180,1,6
2,210,1,6
2,288,1,6
2,376,1,6
2,6,1,7
2,14,1,9
2,63,1,14
2,34,1,16
2,5,1,24
2,9,1,24
2,11,1,24
2,13,1,24
2,15,1,24
2,17,1,24
2,19,1,24
2,25,1,24
2,26,1,24
2,27,1,24
2,32,1,24
2,33,1,24
2,35,1,24
2,36,1,24
2,37,1,24
2,39,1,24
2,54,1,24
2,56,1,24
2,61,1,24
2,63,1,24
2,64,1,24
2,65,1,24
2,82,1,24
2,111,1,24
2,121,1,24
2,154,1,24
2,163,1,24
2,171,1,24
2,172,1,24
2,193,1,24
2,198,1,24
2,203,1,24
2,214,1,24
2,218,1,24
2,220,1,24
2,255,1,24
2,275,1,24
2,15,1,25
2,35,1,25
2,363,1,26
2,383,1,26
2,385,1,26
2,439,1,26
2,5,1,29
2,15,1,29
2,35,1,29
2,9,1,32
3,10,1,2
3,32,1,2
3,56,1,2
3,74,1,2
3,81,1,2
3,95,1,2
3,107,1,2
3,172,1,2
3,196,1,2
3,204,1,2
3,210,1,2
3,226,1,2
3,313,1,2
3,332,1,2
3,333,1,2
3,347,1,2
3,344,1,15
3,95,1,26
3,368,1,26
3,385,1,26
3,6,1,32
3,9,1,32
3,10,1,32
3,17,1,32
3,20,1,32
3,21,1,32
3,38,1,32
3,48,1,32
3,49,1,32
3,107,1,32
3,18,1,36
3,20,1,36
4,6,1,15
4,8,1,15
4,14,1,15
4,17,1,15
4,56,1,15
4,60,1,15
4,172,1,15
4,307,1,15
4,344,1,15
4,358,1,15
4,363,1,15
5,37,1,1
5,12,1,5
5,23,1,5
5,28,1,5
5,35,1,5
5,107,1,23
5,11,1,25
5,13,1,25
5,15,1,25
5,22,1,25
5,23,1,25
5,28,1,25
5,35,1,25
5,184,1,25
5,217,1,25
5,14,1,27
5,51,1,27
5,15,1,29
5,22,1,29
5,24,1,29
5,32,1,29
5,35,1,29
5,37,1,29
5,42,1,29
5,53,1,29
5,65,1,29
5,72,1,29
5,93,1,29
5,121,1,29
5,123,1,29
5,158,1,29
5,165,1,29
5,195,1,29
5,221,1,29
6,33,1,1
6,37,1,1
6,66,1,1
6,165,1,1
6,180,1,1
6,7,1,3
6,8,1,3
6,17,1,3
6,20,1,3
6,25,1,3
6,26,1,3
6,29,1,3
6,33,1,3
6,39,1,3
6,49,1,3
6,52,1,3
6,61,1,3
6,76,1,3
6,95,1,3
6,146,1,3
6,168,1,3
6,198,1,3
6,208,1,3
6,214,1,3
6,218,1,3
6,304,1,3
6,306,1,3
6,307,1,3
6,325,1,3
6,402,1,3
6,432,1,3
6,70,1,4
6,23,1,5
6,165,1,6
6,9,1,7
6,13,1,7
6,14,1,7
6,16,1,7
6,19,1,7
6,23,1,7
6,25,1,7
6,26,1,7
6,27,1,7
6,30,1,7
6,31,1,7
6,33,1,7
6,37,1,7
6,39,1,7
6,40,1,7
6,41,1,7
6,47,1,7
6,49,1,7
6,54,1,7
6,60,1,7
6,61,1,7
6,63,1,7
6,66,1,7
6,69,1,7
6,70,1,7
6,79,1,7
6,82,1,7
6,100,1,7
6,111,1,7
6,121,1,7
6,146,1,7
6,163,1,7
6,165,1,7
6,168,1,7
6,180,1,7
6,183,1,7
6,214,1,7
6,218,1,7
6,224,1,7
6,255,1,7
6,266,1,7
6,275,1,7
6,277,1,7
6,286,1,7
6,292,1,7
6,304,1,7
6,319,1,7
6,387,1,7
6,26,1,8
6,27,1,8
6,30,1,8
6,14,1,9
6,79,1,10
6,82,1,10
6,65,1,11
6,63,1,14
6,16,1,15
6,60,1,15
6,308,1,15
6,21,1,18
6,76,1,19
6,29,1,20
6,41,1,20
6,49,1,21
6,204,1,21
6,264,1,21
6,107,1,23
6,311,1,23
6,63,1,28
6,13,1,30
6,25,1,31
6,9,1,32
6,58,1,32
6,207,1,32
6,54,1,33
6,77,1,34
6,7,1,36
6,13,1,36
6,18,1,36
7,37,1,1
7,33,1,3
7,49,1,3
7,57,1,3
7,62,1,3
7,168,1,3
7,251,1,3
7,304,1,3
7,70,1,4
7,23,1,5
7,33,1,7
7,82,1,7
7,14,1,9
7,82,1,10
7,214,1,17
7,21,1,18
7,56,1,21
7,61,1,21
7,198,1,21
7,49,1,22
7,209,1,22
7,107,1,23
7,18,1,36
7,134,1,36
8,165,1,1
8,107,1,2
8,20,1,3
8,39,1,3
8,56,1,3
8,95,1,3
8,172,1,3
8,204,1,3
8,304,1,3
8,14,1,9
8,53,1,15
8,251,1,15
8,344,1,15
8,350,1,15
8,358,1,15
8,21,1,18
9,37,1,1
9,165,1,1
9,37,1,6
9,84,1,6
9,63,1,14
9,121,1,24
9,33,1,26
9,56,1,28
9,10,1,32
9,13,1,32
9,14,1,32
9,19,1,32
9,21,1,32
9,26,1,32
9,27,1,32
9,30,1,32
9,31,1,32
9,37,1,32
9,38,1,32
9,39,1,32
9,41,1,32
9,45,1,32
9,49,1,32
9,52,1,32
9,54,1,32
9,57,1,32
9,58,1,32
9,61,1,32
9,62,1,32
9,67,1,32
9,70,1,32
9,76,1,32
9,98,1,32
9,100,1,32
9,121,1,32
9,258,1,32
10,11,1,2
10,29,1,2
10,31,1,2
10,32,1,2
10,36,1,2
10,39,1,2
10,49,1,2
10,64,1,2
10,75,1,2
10,77,1,2
10,78,1,2
10,107,1,2
10,115,1,2
10,117,1,2
10,134,1,2
10,138,1,2
10,142,1,2
10,146,1,2
10,204,1,2
10,205,1,2
10,208,1,2
10,209,1,2
10,210,1,2
10,212,1,2
10,215,1,2
10,219,1,2
10,220,1,2
10,223,1,2
10,226,1,2
10,233,1,2
10,239,1,2
10,250,1,2
10,254,1,2
10,260,1,2
10,261,1,2
10,264,1,2
10,267,1,2
10,276,1,2
10,288,1,2
10,292,1,2
10,293,1,2
10,311,1,2
10,346,1,2
10,82,1,10
10,25,1,16
10,34,1,16
10,50,1,16
10,54,1,16
10,78,1,16
10,104,1,16
10,108,1,16
10,111,1,16
10,202,1,16
10,35,1,25
10,13,1,32
10,21,1,32
10,40,1,32
10,47,1,32
10,255,1,32
10,285,1,32
11,19,1,2
11,29,1,2
11,31,1,2
11,32,1,2
11,34,1,2
11,36,1,2
11,45,1,2
11,48,1,2
11,49,1,2
11,50,1,2
11,56,1,2
11,58,1,2
11,61,1,2
11,64,1,2
11,74,1,2
11,75,1,2
11,77,1,2
11,78,1,2
11,80,1,2
11,83,1,2
11,95,1,2
11,98,1,2
11,107,1,2
11,115,1,2
11,134,1,2
11,142,1,2
11,145,1,2
11,146,1,2
11,162,1,2
11,172,1,2
11,174,1,2
11,182,1,2
11,193,1,2
11,195,1,2
11,196,1,2
11,204,1,2
11,205,1,2
11,206,1,2
11,209,1,2
11,210,1,2
11,212,1,2
11,215,1,2
11,219,1,2
11,223,1,2
11,226,1,2
11,239,1,2
11,249,1,2
11,250,1,2
11,255,1,2
11,260,1,2
11,261,1,2
11,262,1,2
11,264,1,2
11,266,1,2
11,267,1,2
11,269,1,2
11,274,1,2
11,275,1,2
11,277,1,2
11,279,1,2
11,281,1,2
11,285,1,2
11,287,1,2
11,288,1,2
11,292,1,2
11,306,1,2
11,309,1,2
11,311,1,2
11,313,1,2
11,323,1,2
11,332,1,2
11,333,1,2
11,345,1,2
11,347,1,2
11,348,1,2
11,361,1,2
11,375,1,2
11,390,1,2
11,399,1,2
11,422,1,2
11,429,1,2
11,430,1,2
11,433,1,2
11,448,1,2
11,14,1,3
11,17,1,3
11,20,1,3
11,25,1,3
11,26,1,3
11,36,1,3
11,37,1,3
11,39,1,3
11,56,1,3
11,57,1,3
11,59,1,3
11,69,1,3
11,95,1,3
11,172,1,3
11,183,1,3
11,198,1,3
11,204,1,3
11,224,1,3
11,233,1,3
11,253,1,3
11,286,1,3
11,307,1,3
11,134,1,4
11,28,1,5
11,42,1,6
11,130,1,6
11,165,1,6
11,53,1,24
11,121,1,24
11,35,1,25
12,37,1,1
12,28,1,5
12,93,1,5
12,35,1,25
13,37,1,1
13,165,1,1
13,32,1,3
13,33,1,3
13,60,1,3
13,82,1,3
13,168,1,3
13,251,1,3
13,70,1,4
13,23,1,5
13,26,1,8
13,14,1,9
13,82,1,10
13,224,1,10
13,65,1,11
13,100,1,11
13,49,1,12
13,63,1,14
13,21,1,18
13,29,1,20
13,41,1,20
13,39,1,21
13,63,1,26
13,75,1,26
13,266,1,26
13,14,1,27
13,21,1,30
13,23,1,30
13,33,1,30
13,37,1,30
13,39,1,30
13,40,1,30
13,49,1,30
13,51,1,30
13,61,1,30
13,64,1,30
13,66,1,30
13,70,1,30
13,71,1,30
13,82,1,30
13,84,1,30
13,86,1,30
13,87,1,30
13,90,1,30
13,92,1,30
13,101,1,30
13,109,1,30
13,110,1,30
13,119,1,30
13,165,1,30
13,224,1,30
13,351,1,30
13,434,1,30
13,25,1,31
13,64,1,32
13,54,1,33
13,18,1,36
13,14,1,37
13,23,1,37
13,47,1,37
13,51,1,37
13,64,1,37
13,71,1,37
13,84,1,37
13,86,1,37
13,87,1,37
13,88,1,37
13,89,1,37
13,90,1,37
13,92,1,37
13,102,1,37
13,103,1,37
13,109,1,37
13,110,1,37
13,111,1,37
13,114,1,37
13,119,1,37
13,129,1,37
13,163,1,37
13,247,1,37
13,321,1,37
13,331,1,37
13,335,1,37
13,342,1,37
13,351,1,37
13,353,1,37
13,392,1,37
13,403,1,37
13,425,1,37
13,427,1,37
13,443,1,37
14,37,1,1
14,180,1,1
14,17,1,3
14,20,1,3
14,25,1,3
14,32,1,3
14,33,1,3
14,39,1,3
14,49,1,3
14,52,1,3
14,60,1,3
14,67,1,3
14,82,1,3
14,208,1,3
14,251,1,3
14,304,1,3
14,70,1,4
14,251,1,4
14,23,1,5
14,56,1,6
14,57,1,7
14,26,1,8
14,27,1,8
14,30,1,8
14,16,1,9
14,17,1,9
14,19,1,9
14,21,1,9
14,23,1,9
14,25,1,9
14,26,1,9
14,27,1,9
14,30,1,9
14,31,1,9
14,33,1,9
14,37,1,9
14,39,1,9
14,40,1,9
14,41,1,9
14,44,1,9
14,47,1,9
14,49,1,9
14,53,1,9
14,54,1,9
14,58,1,9
14,60,1,9
14,61,1,9
14,63,1,9
14,65,1,9
14,66,1,9
14,70,1,9
14,76,1,9
14,79,1,9
14,82,1,9
14,94,1,9
14,100,1,9
14,120,1,9
14,121,1,9
14,160,1,9
14,165,1,9
14,180,1,9
14,186,1,9
14,191,1,9
14,195,1,9
14,198,1,9
14,200,1,9
14,201,1,9
14,208,1,9
14,214,1,9
14,219,1,9
14,232,1,9
14,234,1,9
14,243,1,9
14,244,1,9
14,304,1,9
14,305,1,9
14,307,1,9
14,308,1,9
14,327,1,9
14,343,1,9
14,79,1,10
14,82,1,10
14,277,1,10
14,282,1,10
14,65,1,11
14,49,1,12
14,26,1,13
14,30,1,13
14,63,1,14
14,350,1,15
14,146,1,17
14,214,1,17
14,76,1,19
14,41,1,20
14,39,1,21
14,56,1,21
14,95,1,21
14,204,1,21
14,210,1,21
14,107,1,23
14,311,1,23
14,35,1,25
14,36,1,26
14,52,1,26
14,53,1,26
14,56,1,26
14,100,1,26
14,198,1,26
14,243,1,26
14,359,1,26
14,385,1,26
14,15,1,27
14,35,1,27
14,36,1,27
14,39,1,27
14,51,1,27
14,56,1,27
14,59,1,27
14,61,1,27
14,66,1,27
14,95,1,27
14,106,1,27
14,159,1,27
14,164,1,27
14,172,1,27
14,198,1,27
14,204,1,27
14,210,1,27
14,214,1,27
14,224,1,27
14,226,1,27
14,227,1,27
14,240,1,27
14,255,1,27
14,274,1,27
14,302,1,27
14,432,1,27
14,436,1,27
14,25,1,31
14,54,1,33
14,77,1,34
15,23,1,5
15,27,1,5
15,28,1,5
15,35,1,5
15,165,1,6
15,97,1,13
15,63,1,14
15,121,1,24
15,21,1,25
15,22,1,25
15,35,1,25
15,40,1,25
15,44,1,25
15,60,1,25
15,63,1,25
15,93,1,25
15,99,1,25
15,154,1,25
15,22,1,29
15,23,1,29
15,29,1,29
15,32,1,29
15,34,1,29
15,35,1,29
15,37,1,29
15,42,1,29
15,63,1,29
15,65,1,29
15,72,1,29
15,74,1,29
15,83,1,29
15,93,1,29
15,98,1,29
15,121,1,29
15,139,1,29
15,165,1,29
15,176,1,29
15,193,1,29
15,221,1,29
15,272,1,29
15,431,1,29
16,37,1,1
16,165,1,1
16,56,1,2
16,95,1,2
16,107,1,2
16,145,1,2
16,172,1,2
16,204,1,2
16,226,1,2
16,250,1,2
16,318,1,2
16,345,1,2
16,433,1,2
16,53,1,6
16,26,1,8
16,65,1,11
16,17,1,15
16,33,1,15
16,53,1,15
16,121,1,15
16,165,1,15
16,180,1,15
16,305,1,15
16,307,1,15
16,308,1,15
16,344,1,15
16,350,1,15
16,352,1,15
16,357,1,15
16,358,1,15
16,363,1,15
16,399,1,15
16,21,1,18
16,107,1,23
17,165,1,1
17,39,1,2
17,56,1,2
17,75,1,2
17,95,1,2
17,107,1,2
17,117,1,2
17,138,1,2
17,162,1,2
17,195,1,2
17,196,1,2
17,204,1,2
17,219,1,2
17,239,1,2
17,260,1,2
17,309,1,2
17,20,1,3
17,29,1,3
17,33,1,3
17,37,1,3
17,49,1,3
17,52,1,3
17,57,1,3
17,251,1,3
17,304,1,3
17,354,1,3
17,26,1,13
17,30,1,13
17,60,1,15
17,308,1,15
17,327,1,15
17,344,1,15
17,350,1,15
17,408,1,15
17,107,1,23
17,58,1,26
17,165,1,26
17,283,1,26
17,391,1,26
17,18,1,36
18,19,1,36
18,21,1,36
18,25,1,36
18,31,1,36
18,35,1,36
18,37,1,36
18,39,1,36
18,41,1,36
18,43,1,36
18,44,1,36
18,47,1,36
18,49,1,36
18,57,1,36
18,58,1,36
18,63,1,36
18,66,1,36
18,67,1,36
18,68,1,36
18,75,1,36
18,79,1,36
18,80,1,36
18,94,1,36
18,99,1,36
18,107,1,36
18,134,1,36
18,146,1,36
18,147,1,36
18,214,1,36
18,243,1,36
18,412,1,36
19,37,1,1
19,36,1,2
19,49,1,2
19,94,1,2
19,107,1,2
19,117,1,2
19,138,1,2
19,146,1,2
19,204,1,2
19,207,1,2
19,209,1,2
19,210,1,2
19,215,1,2
19,220,1,2
19,223,1,2
19,226,1,2
19,239,1,2
19,288,1,2
19,293,1,2
19,251,1,3
19,251,1,4
19,23,1,5
19,57,1,7
19,26,1,8
19,82,1,10
19,106,1,10
19,215,1,10
19,220,1,10
19,224,1,10
19,288,1,10
19,63,1,14
19,282,1,14
19,214,1,17
19,21,1,18
19,39,1,22
19,49,1,22
19,25,1,31
19,106,1,36
19,233,1,36
20,39,1,3
20,52,1,3
20,56,1,3
20,95,1,3
20,172,1,3
20,204,1,3
20,208,1,3
20,251,1,3
20,304,1,3
20,307,1,3
20,39,1,23
20,70,1,23
20,95,1,23
20,172,1,23
20,311,1,23
21,37,1,1
21,121,1,1
21,32,1,3
21,33,1,3
21,198,1,3
21,208,1,3
21,70,1,4
21,23,1,5
21,28,1,5
21,156,1,5
21,26,1,8
21,27,1,8
21,30,1,8
21,79,1,10
21,82,1,10
21,65,1,11
21,67,1,11
21,49,1,12
21,63,1,14
21,60,1,15
21,350,1,15
21,146,1,17
21,214,1,17
21,25,1,18
21,26,1,18
21,29,1,18
21,30,1,18
21,33,1,18
21,39,1,18
21,40,1,18
21,41,1,18
21,49,1,18
21,53,1,18
21,54,1,18
21,56,1,18
21,57,1,18
21,58,1,18
21,60,1,18
21,61,1,18
21,63,1,18
21,66,1,18
21,70,1,18
21,78,1,18
21,79,1,18
21,82,1,18
21,95,1,18
21,100,1,18
21,106,1,18
21,146,1,18
21,180,1,18
21,183,1,18
21,198,1,18
21,214,1,18
21,224,1,18
21,243,1,18
21,277,1,18
21,282,1,18
21,301,1,18
21,304,1,18
21,325,1,18
21,76,1,19
21,41,1,20
21,39,1,21
21,319,1,22
21,340,1,22
21,107,1,23
21,35,1,25
21,59,1,25
21,48,1,26
21,52,1,26
21,58,1,26
21,75,1,26
21,79,1,26
21,100,1,26
21,266,1,26
21,281,1,26
21,359,1,26
21,439,1,26
21,51,1,27
21,25,1,31
21,26,1,32
21,38,1,32
21,39,1,32
21,45,1,32
21,49,1,32
21,70,1,32
21,214,1,32
21,54,1,33
21,77,1,34
21,410,1,36
22,23,1,5
22,28,1,5
22,35,1,5
22,35,1,25
22,123,1,25
22,35,1,29
23,37,1,1
23,70,1,4
23,24,1,5
23,25,1,5
23,26,1,5
23,27,1,5
23,28,1,5
23,30,1,5
23,33,1,5
23,37,1,5
23,39,1,5
23,40,1,5
23,41,1,5
23,44,1,5
23,46,1,5
23,47,1,5
23,49,1,5
23,53,1,5
23,54,1,5
23,57,1,5
23,59,1,5
23,60,1,5
23,61,1,5
23,63,1,5
23,64,1,5
23,65,1,5
23,66,1,5
23,67,1,5
23,69,1,5
23,70,1,5
23,72,1,5
23,73,1,5
23,76,1,5
23,77,1,5
23,82,1,5
23,88,1,5
23,91,1,5
23,93,1,5
23,95,1,5
23,100,1,5
23,107,1,5
23,111,1,5
23,121,1,5
23,123,1,5
23,127,1,5
23,144,1,5
23,149,1,5
23,153,1,5
23,156,1,5
23,158,1,5
23,159,1,5
23,161,1,5
23,163,1,5
23,165,1,5
23,173,1,5
23,180,1,5
23,184,1,5
23,190,1,5
23,192,1,5
23,198,1,5
23,211,1,5
23,217,1,5
23,218,1,5
23,221,1,5
23,231,1,5
23,243,1,5
23,252,1,5
23,263,1,5
23,271,1,5
23,367,1,5
23,373,1,5
23,379,1,5
23,386,1,5
23,82,1,10
23,65,1,11
23,49,1,12
23,63,1,14
23,54,1,33
23,77,1,34
24,28,1,5
24,35,1,25
24,35,1,29
24,121,1,29
25,33,1,1
25,37,1,1
25,165,1,1
25,33,1,3
25,251,1,3
25,304,1,3
25,70,1,4
25,65,1,11
25,67,1,11
25,100,1,11
25,26,1,13
25,30,1,13
25,200,1,13
25,63,1,14
25,52,1,16
25,82,1,16
25,138,1,16
25,212,1,16
25,76,1,19
25,41,1,20
25,39,1,21
25,107,1,23
25,32,1,26
25,100,1,26
25,198,1,26
25,228,1,26
25,269,1,26
25,26,1,31
25,27,1,31
25,29,1,31
25,33,1,31
25,39,1,31
25,40,1,31
25,41,1,31
25,45,1,31
25,47,1,31
25,49,1,31
25,53,1,31
25,54,1,31
25,58,1,31
25,65,1,31
25,66,1,31
25,69,1,31
25,76,1,31
25,77,1,31
25,78,1,31
25,81,1,31
25,82,1,31
25,91,1,31
25,111,1,31
25,113,1,31
25,121,1,31
25,122,1,31
25,163,1,31
25,165,1,31
25,169,1,31
25,180,1,31
25,218,1,31
25,299,1,31
25,303,1,31
25,449,1,31
25,54,1,33
25,115,1,36
26,37,1,1
26,32,1,3
26,33,1,3
26,60,1,3
26,251,1,3
26,70,1,4
26,28,1,5
26,66,1,6
26,165,1,6
26,27,1,8
26,30,1,8
26,33,1,8
26,34,1,8
26,37,1,8
26,39,1,8
26,41,1,8
26,53,1,8
26,57,1,8
26,60,1,8
26,65,1,8
26,66,1,8
26,68,1,8
26,70,1,8
26,74,1,8
26,76,1,8
26,78,1,8
26,79,1,8
26,82,1,8
26,100,1,8
26,107,1,8
26,121,1,8
26,165,1,8
26,174,1,8
26,180,1,8
26,185,1,8
26,186,1,8
26,191,1,8
26,198,1,8
26,201,1,8
26,234,1,8
26,243,1,8
26,244,1,8
26,279,1,8
26,305,1,8
26,65,1,11
26,67,1,11
26,49,1,12
26,27,1,13
26,30,1,13
26,76,1,13
26,82,1,13
26,95,1,13
26,107,1,13
26,168,1,13
26,186,1,13
26,244,1,13
26,251,1,13
26,314,1,13
26,63,1,14
26,214,1,17
26,76,1,19
26,41,1,20
26,35,1,25
26,63,1,28
26,54,1,33
26,77,1,34
26,200,1,35
26,219,1,35
27,33,1,1
27,37,1,1
27,165,1,1
27,180,1,1
27,70,1,4
27,66,1,6
27,30,1,8
27,37,1,8
27,43,1,8
27,60,1,8
27,65,1,8
27,66,1,8
27,70,1,8
27,76,1,8
27,79,1,8
27,100,1,8
27,107,1,8
27,165,1,8
27,175,1,8
27,176,1,8
27,198,1,8
27,243,1,8
27,246,1,8
27,259,1,8
27,272,1,8
27,278,1,8
27,294,1,8
27,300,1,8
27,335,1,8
27,370,1,8
27,65,1,11
27,49,1,12
27,30,1,13
27,32,1,13
27,37,1,13
27,43,1,13
27,54,1,13
27,76,1,13
27,82,1,13
27,176,1,13
27,198,1,13
27,204,1,13
27,205,1,13
27,243,1,13
27,251,1,13
27,272,1,13
27,63,1,14
27,214,1,17
27,76,1,19
27,186,1,19
27,41,1,20
27,32,1,24
27,63,1,28
27,54,1,33
27,77,1,34
28,37,1,1
28,35,1,5
28,59,1,5
28,72,1,5
28,73,1,5
28,93,1,5
28,123,1,5
28,127,1,5
28,158,1,5
28,159,1,5
28,173,1,5
28,184,1,5
28,217,1,5
28,221,1,5
28,231,1,5
28,271,1,5
28,367,1,5
28,373,1,5
28,82,1,10
28,35,1,25
29,37,1,1
29,49,1,2
29,107,1,2
29,138,1,2
29,206,1,2
29,207,1,2
29,260,1,2
29,208,1,3
29,251,1,3
29,30,1,13
29,186,1,13
29,201,1,13
29,63,1,14
29,41,1,20
29,63,1,20
29,82,1,20
29,107,1,23
30,37,1,1
30,165,1,1
30,180,1,1
30,70,1,4
30,66,1,6
30,34,1,8
30,37,1,8
30,65,1,8
30,70,1,8
30,96,1,8
30,97,1,8
30,165,1,8
30,170,1,8
30,186,1,8
30,187,1,8
30,189,1,8
30,198,1,8
30,199,1,8
30,200,1,8
30,201,1,8
30,204,1,8
30,216,1,8
30,234,1,8
30,241,1,8
30,310,1,8
30,65,1,11
30,31,1,13
30,32,1,13
30,37,1,13
30,39,1,13
30,41,1,13
30,54,1,13
30,63,1,13
30,76,1,13
30,77,1,13
30,82,1,13
30,95,1,13
30,96,1,13
30,97,1,13
30,163,1,13
30,165,1,13
30,168,1,13
30,170,1,13
30,172,1,13
30,180,1,13
30,186,1,13
30,187,1,13
30,189,1,13
30,198,1,13
30,199,1,13
30,200,1,13
30,201,1,13
30,204,1,13
30,205,1,13
30,206,1,13
30,207,1,13
30,234,1,13
30,241,1,13
30,251,1,13
30,257,1,13
30,310,1,13
30,63,1,14
30,214,1,17
30,76,1,19
30,76,1,26
30,283,1,26
30,77,1,34
30,222,1,35
30,243,1,35
30,245,1,35
30,268,1,35
30,290,1,35
30,291,1,35
31,79,1,1
31,195,1,1
31,244,1,1
31,56,1,2
31,172,1,2
31,255,1,2
31,77,1,34
32,95,1,2
32,107,1,2
32,206,1,2
32,260,1,2
32,33,1,3
32,39,1,3
32,49,1,3
32,52,1,3
32,54,1,3
32,56,1,3
32,61,1,3
32,64,1,3
32,67,1,3
32,82,1,3
32,168,1,3
32,198,1,3
32,208,1,3
32,214,1,3
32,233,1,3
32,240,1,3
32,251,1,3
32,304,1,3
32,186,1,13
32,107,1,23
32,37,1,24
32,46,1,24
32,121,1,24
32,202,1,24
32,35,1,25
32,41,1,26
32,35,1,29
33,37,1,1
33,39,1,1
33,41,1,1
33,54,1,1
33,70,1,1
33,106,1,1
33,121,1,1
33,165,1,1
33,180,1,1
33,214,1,1
33,220,1,1
33,224,1,1
33,288,1,1
33,36,1,3
33,39,1,3
33,47,1,3
33,49,1,3
33,52,1,3
33,57,1,3
33,64,1,3
33,82,1,3
33,94,1,3
33,95,1,3
33,106,1,3
33,146,1,3
33,214,1,3
33,215,1,3
33,220,1,3
33,224,1,3
33,233,1,3
33,240,1,3
33,251,1,3
33,288,1,3
33,293,1,3
33,70,1,4
33,66,1,6
33,121,1,6
33,165,1,6
33,57,1,7
33,62,1,7
33,82,1,10
33,289,1,10
33,65,1,11
33,49,1,12
33,63,1,14
33,60,1,15
33,146,1,17
33,214,1,17
33,76,1,19
33,41,1,20
33,39,1,21
33,183,1,21
33,210,1,21
33,49,1,22
33,107,1,23
33,53,1,24
33,317,1,27
33,63,1,28
33,52,1,32
33,70,1,32
33,54,1,33
34,37,1,1
34,165,1,1
34,206,1,2
34,43,1,16
34,52,1,16
34,55,1,16
34,68,1,16
34,82,1,16
34,118,1,16
34,208,1,16
34,260,1,16
34,346,1,16
34,41,1,20
34,77,1,34
34,66,1,36
35,52,1,3
35,59,1,5
35,123,1,5
35,153,1,5
35,158,1,5
35,121,1,24
35,37,1,25
35,47,1,25
35,58,1,25
35,59,1,25
35,65,1,25
35,67,1,25
35,72,1,25
35,73,1,25
35,82,1,25
35,93,1,25
35,121,1,25
35,123,1,25
35,127,1,25
35,144,1,25
35,149,1,25
35,153,1,25
35,154,1,25
35,159,1,25
35,165,1,25
35,168,1,25
35,217,1,25
35,221,1,25
35,394,1,25
35,37,1,29
35,44,1,29
35,53,1,29
35,55,1,29
35,63,1,29
35,73,1,29
35,93,1,29
35,121,1,29
35,123,1,29
35,158,1,29
35,165,1,29
35,221,1,29
35,231,1,29
35,271,1,29
36,39,1,2
36,49,1,2
36,95,1,2
36,107,1,2
36,195,1,2
36,210,1,2
36,223,1,2
36,233,1,2
36,250,1,2
36,260,1,2
36,277,1,2
36,304,1,2
36,52,1,3
36,251,1,3
36,56,1,6
36,165,1,6
36,39,1,21
36,49,1,21
36,82,1,21
36,168,1,21
36,183,1,21
36,49,1,22
36,56,1,22
36,204,1,22
36,210,1,22
36,95,1,26
36,380,1,26
37,39,1,1
37,41,1,1
37,42,1,1
37,44,1,1
37,47,1,1
37,49,1,1
37,53,1,1
37,54,1,1
37,57,1,1
37,58,1,1
37,60,1,1
37,61,1,1
37,63,1,1
37,65,1,1
37,66,1,1
37,67,1,1
37,70,1,1
37,74,1,1
37,76,1,1
37,81,1,1
37,82,1,1
37,83,1,1
37,88,1,1
37,100,1,1
37,104,1,1
37,108,1,1
37,111,1,1
37,121,1,1
37,125,1,1
37,130,1,1
37,154,1,1
37,163,1,1
37,165,1,1
37,174,1,1
37,180,1,1
37,183,1,1
37,191,1,1
37,195,1,1
37,198,1,1
37,203,1,1
37,214,1,1
37,218,1,1
37,220,1,1
37,224,1,1
37,243,1,1
37,253,1,1
37,255,1,1
37,263,1,1
37,266,1,1
37,269,1,1
37,275,1,1
37,277,1,1
37,282,1,1
37,283,1,1
37,285,1,1
37,386,1,1
37,60,1,3
37,251,1,3
37,70,1,4
37,42,1,6
37,53,1,6
37,56,1,6
37,63,1,6
37,64,1,6
37,66,1,6
37,71,1,6
37,84,1,6
37,92,1,6
37,165,1,6
37,180,1,6
37,204,1,6
37,215,1,6
37,224,1,6
37,240,1,6
37,351,1,6
37,383,1,6
37,82,1,10
37,65,1,11
37,49,1,12
37,63,1,14
37,214,1,17
37,76,1,19
37,41,1,20
37,50,1,20
37,74,1,20
37,174,1,20
37,107,1,23
37,55,1,24
37,53,1,26
37,65,1,26
37,198,1,26
37,218,1,26
37,63,1,28
37,64,1,30
37,77,1,34
37,69,1,36
38,146,1,32
38,204,1,32
38,209,1,32
38,210,1,32
38,214,1,32
38,264,1,32
38,49,1,36
39,165,1,1
39,56,1,2
39,61,1,2
39,75,1,2
39,95,1,2
39,107,1,2
39,117,1,2
39,138,1,2
39,146,1,2
39,209,1,2
39,223,1,2
39,233,1,2
39,261,1,2
39,264,1,2
39,274,1,2
39,328,1,2
39,343,1,2
39,52,1,3
39,55,1,3
39,57,1,3
39,67,1,3
39,208,1,3
39,214,1,3
39,251,1,3
39,304,1,3
39,70,1,4
39,56,1,6
39,66,1,6
39,121,1,6
39,165,1,6
39,180,1,6
39,57,1,7
39,94,1,7
39,168,1,7
39,79,1,10
39,82,1,10
39,65,1,11
39,67,1,11
39,100,1,11
39,49,1,12
39,54,1,12
39,63,1,14
39,50,1,16
39,54,1,16
39,104,1,16
39,111,1,16
39,174,1,16
39,202,1,16
39,146,1,17
39,214,1,17
39,76,1,19
39,41,1,20
39,40,1,21
39,49,1,21
39,56,1,21
39,61,1,21
39,63,1,21
39,65,1,21
39,82,1,21
39,94,1,21
39,95,1,21
39,164,1,21
39,168,1,21
39,183,1,21
39,204,1,21
39,209,1,21
39,214,1,21
39,224,1,21
39,264,1,21
39,274,1,21
39,275,1,21
39,286,1,21
39,297,1,21
39,312,1,21
39,319,1,21
39,58,1,22
39,62,1,22
39,198,1,22
39,210,1,22
39,261,1,22
39,273,1,22
39,280,1,22
39,302,1,22
39,328,1,22
39,337,1,22
39,340,1,22
39,369,1,22
39,374,1,22
39,440,1,22
39,107,1,23
39,311,1,23
39,53,1,24
39,121,1,24
39,95,1,26
39,100,1,26
39,297,1,26
39,359,1,26
39,212,1,27
39,317,1,27
39,63,1,28
39,49,1,32
39,70,1,32
39,77,1,34
40,52,1,3
40,70,1,4
40,66,1,6
40,82,1,10
40,65,1,11
40,49,1,12
40,63,1,14
40,41,1,20
40,64,1,30
40,84,1,30
40,54,1,33
40,77,1,34
41,165,1,1
41,70,1,4
41,82,1,10
41,65,1,11
41,63,1,14
41,49,1,16
41,52,1,16
41,54,1,16
41,82,1,16
41,117,1,16
41,118,1,16
41,138,1,16
41,162,1,16
41,395,1,16
41,214,1,17
41,76,1,19
41,47,1,20
41,49,1,20
41,50,1,20
41,51,1,20
41,54,1,20
41,63,1,20
41,65,1,20
41,66,1,20
41,70,1,20
41,74,1,20
41,76,1,20
41,77,1,20
41,78,1,20
41,81,1,20
41,82,1,20
41,100,1,20
41,111,1,20
41,163,1,20
41,165,1,20
41,174,1,20
41,180,1,20
41,198,1,20
41,287,1,20
41,345,1,20
41,348,1,20
41,380,1,20
41,49,1,21
41,107,1,23
41,61,1,26
41,54,1,33
41,77,1,34
42,44,1,6
42,63,1,6
42,66,1,6
42,71,1,6
42,172,1,6
42,56,1,28
43,54,1,16
43,163,1,16
43,81,1,36
44,66,1,1
44,165,1,1
44,180,1,1
44,53,1,6
44,63,1,6
44,66,1,6
44,71,1,6
44,82,1,6
44,87,1,6
44,90,1,6
44,106,1,6
44,165,1,6
44,180,1,6
44,251,1,6
44,351,1,6
44,407,1,6
44,65,1,11
44,56,1,28
44,54,1,36
45,52,1,2
45,75,1,2
45,95,1,2
45,107,1,2
45,117,1,2
45,138,1,2
45,359,1,26
45,111,1,32
46,95,1,2
46,204,1,2
46,255,1,2
47,165,1,1
47,49,1,3
47,70,1,4
47,79,1,10
47,82,1,10
47,65,1,11
47,79,1,12
47,63,1,14
47,76,1,19
47,63,1,28
47,61,1,32
47,54,1,33
47,111,1,36
48,95,1,2
48,208,1,2
48,283,1,4
48,70,1,23
48,107,1,23
48,251,1,23
49,165,1,1
49,180,1,1
49,56,1,2
49,58,1,2
49,60,1,2
49,75,1,2
49,107,1,2
49,117,1,2
49,138,1,2
49,146,1,2
49,172,1,2
49,204,1,2
49,206,1,2
49,212,1,2
49,223,1,2
49,233,1,2
49,239,1,2
49,251,1,2
49,254,1,2
49,255,1,2
49,261,1,2
49,264,1,2
49,274,1,2
49,275,1,2
49,302,1,2
49,52,1,3
49,57,1,3
49,61,1,3
49,67,1,3
49,82,1,3
49,94,1,3
49,208,1,3
49,214,1,3
49,251,1,3
49,304,1,3
49,70,1,4
49,56,1,6
49,79,1,10
49,82,1,10
49,65,1,11
49,100,1,11
49,54,1,12
49,61,1,12
49,63,1,12
49,65,1,12
49,66,1,12
49,70,1,12
49,79,1,12
49,82,1,12
49,95,1,12
49,100,1,12
49,165,1,12
49,168,1,12
49,183,1,12
49,204,1,12
49,209,1,12
49,214,1,12
49,264,1,12
49,274,1,12
49,286,1,12
49,297,1,12
49,312,1,12
49,319,1,12
49,54,1,16
49,104,1,16
49,202,1,16
49,146,1,17
49,214,1,17
49,76,1,19
49,56,1,21
49,82,1,21
49,95,1,21
49,204,1,21
49,57,1,22
49,58,1,22
49,61,1,22
49,62,1,22
49,63,1,22
49,82,1,22
49,94,1,22
49,107,1,22
49,146,1,22
49,164,1,22
49,165,1,22
49,198,1,22
49,210,1,22
49,224,1,22
49,261,1,22
49,266,1,22
49,273,1,22
49,277,1,22
49,280,1,22
49,299,1,22
49,302,1,22
49,312,1,22
49,313,1,22
49,318,1,22
49,338,1,22
49,340,1,22
49,369,1,22
49,107,1,23
49,63,1,28
49,54,1,33
49,77,1,34
50,165,1,1
50,52,1,16
50,55,1,16
50,75,1,16
50,118,1,16
50,212,1,16
50,219,1,16
50,311,1,16
50,51,1,20
50,277,1,20
50,99,1,36
51,251,1,3
51,65,1,6
51,79,1,26
51,100,1,26
51,57,1,30
51,58,1,30
51,64,1,30
51,84,1,30
51,86,1,30
51,196,1,30
51,299,1,30
51,64,1,37
51,84,1,37
52,81,1,2
52,107,1,2
52,207,1,2
52,226,1,2
52,313,1,2
52,333,1,2
52,334,1,2
52,345,1,2
52,375,1,2
52,54,1,3
52,55,1,3
52,56,1,3
52,65,1,3
52,94,1,3
52,95,1,3
52,100,1,3
52,172,1,3
52,180,1,3
52,198,1,3
52,204,1,3
52,214,1,3
52,251,1,3
52,255,1,3
52,305,1,3
52,307,1,3
52,354,1,3
52,357,1,3
52,352,1,15
52,358,1,15
52,54,1,16
52,74,1,16
52,77,1,16
52,78,1,16
52,104,1,16
52,111,1,16
52,115,1,16
52,163,1,16
52,174,1,16
52,194,1,16
52,202,1,16
52,79,1,26
52,95,1,26
52,180,1,26
52,203,1,26
52,264,1,26
52,283,1,26
52,368,1,26
52,401,1,26
53,303,1,1
53,56,1,6
53,63,1,6
53,65,1,6
53,95,1,6
53,121,1,6
53,251,1,6
53,65,1,11
53,60,1,15
53,350,1,15
53,61,1,24
53,63,1,24
53,82,1,24
53,121,1,24
53,198,1,26
53,383,1,26
54,165,1,1
54,55,1,3
54,168,1,3
54,251,1,3
54,70,1,4
54,82,1,10
54,65,1,11
54,100,1,11
54,63,1,14
54,82,1,16
54,138,1,16
54,212,1,16
54,255,1,16
54,214,1,17
54,107,1,23
54,121,1,24
54,64,1,33
54,65,1,33
54,66,1,33
54,76,1,33
54,82,1,33
54,85,1,33
54,88,1,33
54,91,1,33
54,104,1,33
54,107,1,33
54,111,1,33
54,116,1,33
54,121,1,33
54,180,1,33
54,218,1,33
54,243,1,33
54,251,1,33
54,263,1,33
54,428,1,33
54,77,1,34
54,67,1,36
55,116,1,16
55,202,1,16
55,56,1,24
55,56,1,28
56,165,1,1
56,60,1,2
56,107,1,2
56,138,1,2
56,195,1,2
56,204,1,2
56,208,1,2
56,209,1,2
56,210,1,2
56,212,1,2
56,223,1,2
56,226,1,2
56,239,1,2
56,250,1,2
56,292,1,2
56,304,1,2
56,343,1,2
56,355,1,2
56,60,1,3
56,208,1,3
56,251,1,3
56,304,1,3
56,307,1,3
56,65,1,6
56,66,1,6
56,67,1,6
56,95,1,6
56,121,1,6
56,146,1,6
56,165,1,6
56,172,1,6
56,180,1,6
56,183,1,6
56,204,1,6
56,209,1,6
56,210,1,6
56,242,1,6
56,264,1,6
56,274,1,6
56,286,1,6
56,302,1,6
56,65,1,11
56,350,1,15
56,82,1,21
56,164,1,22
56,210,1,22
56,311,1,23
56,121,1,24
56,60,1,26
56,100,1,26
56,198,1,26
56,359,1,26
56,380,1,26
56,164,1,27
56,212,1,27
56,317,1,27
56,388,1,27
56,63,1,28
56,83,1,28
56,98,1,28
56,99,1,28
56,130,1,28
56,154,1,28
56,193,1,28
56,195,1,28
56,214,1,28
56,227,1,28
56,249,1,28
56,309,1,28
56,341,1,28
57,165,1,1
57,62,1,3
57,75,1,3
57,94,1,3
57,146,1,3
57,251,1,3
57,325,1,3
57,402,1,3
57,70,1,4
57,61,1,7
57,82,1,7
57,65,1,11
57,63,1,14
57,214,1,17
57,107,1,23
58,100,1,1
58,62,1,2
58,107,1,2
58,138,1,2
58,146,1,2
58,212,1,2
58,402,1,2
58,420,1,2
58,251,1,3
58,251,1,4
58,82,1,7
58,214,1,17
58,100,1,26
58,299,1,30
58,207,1,32
58,214,1,36
59,60,1,3
59,251,1,3
59,212,1,27
59,388,1,27
60,121,1,1
60,165,1,1
60,180,1,1
60,107,1,2
60,172,1,2
60,204,1,2
60,65,1,3
60,100,1,3
60,180,1,3
60,204,1,3
60,207,1,3
60,354,1,3
60,130,1,6
60,65,1,11
60,147,1,15
60,165,1,15
60,305,1,15
60,307,1,15
60,327,1,15
60,344,1,15
60,350,1,15
60,352,1,15
60,357,1,15
60,358,1,15
60,214,1,17
60,76,1,19
60,107,1,23
60,359,1,26
61,165,1,1
61,107,1,2
61,117,1,2
61,138,1,2
61,205,1,2
61,207,1,2
61,209,1,2
61,223,1,2
61,226,1,2
61,233,1,2
61,260,1,2
61,288,1,2
61,293,1,2
61,82,1,3
61,168,1,3
61,224,1,3
61,251,1,3
61,70,1,4
61,251,1,4
61,66,1,6
61,121,1,6
61,165,1,6
61,180,1,6
61,82,1,10
61,106,1,10
61,220,1,10
61,224,1,10
61,233,1,10
61,288,1,10
61,65,1,11
61,63,1,14
61,108,1,16
61,111,1,16
61,202,1,16
61,214,1,17
61,65,1,26
61,79,1,26
61,100,1,26
61,165,1,26
61,180,1,26
61,203,1,26
61,226,1,26
61,255,1,26
61,267,1,26
61,382,1,26
61,396,1,26
61,401,1,26
61,439,1,26
62,107,1,2
62,251,1,15
62,94,1,32
63,165,1,1
63,180,1,1
63,251,1,3
63,70,1,4
63,66,1,6
63,165,1,6
63,180,1,6
63,249,1,6
63,82,1,10
63,65,1,11
63,64,1,14
63,65,1,14
63,66,1,14
63,67,1,14
63,70,1,14
63,71,1,14
63,76,1,14
63,78,1,14
63,79,1,14
63,82,1,14
63,83,1,14
63,85,1,14
63,88,1,14
63,91,1,14
63,92,1,14
63,98,1,14
63,100,1,14
63,108,1,14
63,111,1,14
63,121,1,14
63,122,1,14
63,124,1,14
63,125,1,14
63,163,1,14
63,165,1,14
63,180,1,14
63,193,1,14
63,198,1,14
63,203,1,14
63,218,1,14
63,227,1,14
63,238,1,14
63,243,1,14
63,253,1,14
63,263,1,14
63,270,1,14
63,282,1,14
63,386,1,14
63,428,1,14
63,214,1,17
63,76,1,19
63,107,1,23
63,121,1,24
63,349,1,26
63,382,1,26
63,65,1,28
63,71,1,28
63,82,1,28
63,95,1,28
63,111,1,28
63,163,1,28
63,198,1,28
63,240,1,28
63,77,1,34
64,75,1,2
64,251,1,3
64,251,1,4
64,165,1,6
64,82,1,10
64,65,1,11
64,121,1,24
64,84,1,30
64,86,1,30
64,110,1,30
64,121,1,30
64,165,1,30
64,84,1,37
64,87,1,37
64,92,1,37
65,66,1,1
65,165,1,1
65,180,1,1
65,251,1,3
65,70,1,4
65,66,1,6
65,71,1,6
65,165,1,6
65,180,1,6
65,215,1,6
65,288,1,6
65,66,1,11
65,67,1,11
65,70,1,11
65,82,1,11
65,95,1,11
65,100,1,11
65,107,1,11
65,111,1,11
65,121,1,11
65,163,1,11
65,165,1,11
65,180,1,11
65,191,1,11
65,198,1,11
65,210,1,11
65,214,1,11
65,282,1,11
65,283,1,11
65,324,1,11
65,360,1,11
65,146,1,17
65,214,1,17
65,76,1,19
65,107,1,23
65,281,1,26
65,357,1,26
65,382,1,26
65,383,1,26
65,385,1,26
65,77,1,34
66,121,1,1
66,165,1,1
66,70,1,4
66,67,1,6
66,71,1,6
66,76,1,6
66,82,1,6
66,83,1,6
66,87,1,6
66,90,1,6
66,95,1,6
66,98,1,6
66,121,1,6
66,130,1,6
66,165,1,6
66,168,1,6
66,172,1,6
66,193,1,6
66,204,1,6
66,215,1,6
66,242,1,6
66,243,1,6
66,249,1,6
66,275,1,6
66,383,1,6
66,76,1,19
66,383,1,26
66,77,1,34
67,165,1,1
67,404,1,1
67,251,1,3
67,70,1,4
67,71,1,6
67,82,1,11
67,180,1,11
67,100,1,36
68,77,1,34
68,132,1,34
68,243,1,36
69,98,1,32
70,121,1,1
70,154,1,1
70,165,1,1
70,180,1,1
70,76,1,4
70,79,1,4
70,82,1,4
70,100,1,4
70,107,1,4
70,111,1,4
70,121,1,4
70,165,1,4
70,168,1,4
70,180,1,4
70,191,1,4
70,198,1,4
70,214,1,4
70,243,1,4
70,255,1,4
70,308,1,4
70,349,1,4
70,201,1,8
70,243,1,8
70,79,1,10
70,82,1,10
70,100,1,11
70,214,1,17
70,76,1,19
70,183,1,21
70,209,1,21
70,297,1,21
70,107,1,23
70,311,1,23
71,138,1,2
71,208,1,2
71,251,1,3
71,130,1,6
71,154,1,6
71,165,1,6
71,180,1,6
71,351,1,6
71,83,1,14
71,98,1,28
71,193,1,28
71,224,1,28
71,86,1,30
71,84,1,37
72,121,1,29
74,165,1,1
74,107,1,2
74,138,1,2
74,206,1,2
74,208,1,2
74,226,1,2
74,304,1,2
74,117,1,16
74,118,1,16
75,107,1,2
75,117,1,2
75,138,1,2
75,146,1,2
75,162,1,2
75,205,1,2
75,209,1,2
75,210,1,2
75,212,1,2
75,220,1,2
75,223,1,2
75,233,1,2
75,239,1,2
75,249,1,2
75,251,1,2
75,254,1,2
75,260,1,2
75,261,1,2
75,293,1,2
75,309,1,2
75,168,1,3
75,304,1,3
75,202,1,16
75,380,1,20
75,79,1,26
75,107,1,26
75,226,1,26
75,267,1,26
75,283,1,26
75,359,1,26
76,251,1,3
76,165,1,6
76,82,1,13
76,132,1,13
76,136,1,13
76,198,1,13
76,251,1,13
76,214,1,17
76,77,1,19
76,78,1,19
76,82,1,19
76,84,1,19
76,100,1,19
76,102,1,19
76,132,1,19
76,136,1,19
76,139,1,19
76,143,1,19
76,150,1,19
76,165,1,19
76,177,1,19
76,180,1,19
76,243,1,19
76,250,1,19
76,301,1,19
76,354,1,19
76,406,1,19
76,442,1,19
76,446,1,19
76,77,1,34
76,410,1,36
76,412,1,36
77,107,1,2
77,142,1,2
77,208,1,2
77,223,1,2
77,239,1,2
77,260,1,2
77,78,1,34
77,79,1,34
77,81,1,34
77,82,1,34
77,107,1,34
77,139,1,34
77,142,1,34
77,143,1,34
77,145,1,34
77,163,1,34
77,165,1,34
77,176,1,34
77,180,1,34
77,185,1,34
77,186,1,34
77,201,1,34
77,251,1,34
77,276,1,34
77,330,1,34
77,386,1,34
78,195,1,2
78,118,1,16
78,81,1,34
79,168,1,3
79,251,1,3
79,82,1,10
79,106,1,10
79,168,1,10
79,215,1,10
79,220,1,10
79,224,1,10
79,233,1,10
79,236,1,10
79,267,1,10
79,269,1,10
79,288,1,10
79,293,1,10
79,320,1,10
79,214,1,17
79,107,1,23
79,100,1,26
79,240,1,26
79,255,1,26
81,206,1,2
81,223,1,2
81,260,1,2
82,165,1,1
82,165,1,3
82,198,1,3
82,207,1,3
82,214,1,3
82,251,1,3
82,288,1,3
82,251,1,4
82,165,1,6
82,180,1,6
82,94,1,7
82,224,1,7
82,88,1,10
82,95,1,10
82,100,1,10
82,106,1,10
82,111,1,10
82,163,1,10
82,198,1,10
82,207,1,10
82,210,1,10
82,215,1,10
82,220,1,10
82,224,1,10
82,233,1,10
82,236,1,10
82,255,1,10
82,266,1,10
82,269,1,10
82,275,1,10
82,277,1,10
82,282,1,10
82,285,1,10
82,288,1,10
82,289,1,10
82,293,1,10
82,320,1,10
82,111,1,16
82,115,1,16
82,116,1,16
82,174,1,16
82,146,1,17
82,214,1,17
82,95,1,21
82,168,1,21
82,210,1,21
82,107,1,23
82,121,1,24
82,317,1,27
83,121,1,14
83,165,1,14
83,228,1,14
83,398,1,14
84,195,1,2
84,208,1,3
84,251,1,3
84,121,1,6
84,165,1,6
84,409,1,30
84,420,1,30
84,247,1,37
86,251,1,3
87,239,1,2
87,251,1,3
87,238,1,26
88,251,1,4
92,165,1,6
94,138,1,2
94,251,1,3
94,251,1,4
94,214,1,7
94,214,1,17
94,107,1,23
94,100,1,26
94,359,1,26
94,387,1,26
94,209,1,36
94,210,1,36
95,107,1,2
95,206,1,2
95,208,1,2
95,210,1,2
95,212,1,2
95,219,1,2
95,223,1,2
95,239,1,2
95,264,1,2
95,279,1,2
95,292,1,2
95,304,1,2
95,311,1,2
95,343,1,2
95,208,1,3
95,251,1,3
95,304,1,3
95,307,1,3
95,251,1,4
95,121,1,6
95,165,1,6
95,180,1,6
95,214,1,17
95,183,1,21
95,210,1,22
95,107,1,23
95,251,1,23
95,311,1,23
95,212,1,27
95,317,1,27
96,97,1,8
96,199,1,8
96,417,1,8
96,97,1,13
96,199,1,13
96,97,1,35
96,151,1,35
96,157,1,35
96,166,1,35
96,170,1,35
96,188,1,35
96,189,1,35
96,197,1,35
96,199,1,35
96,284,1,35
96,356,1,35
97,200,1,8
97,200,1,13
97,257,1,13
97,133,1,35
97,148,1,35
97,155,1,35
97,166,1,35
97,167,1,35
97,188,1,35
97,189,1,35
97,219,1,35
97,229,1,35
97,326,1,35
97,366,1,35
98,165,1,14
99,195,1,1
100,165,1,1
100,180,1,1
100,168,1,3
100,198,1,3
100,208,1,3
100,251,1,3
100,304,1,3
100,283,1,11
100,146,1,17
100,214,1,17
100,107,1,23
100,198,1,26
100,238,1,26
100,240,1,26
100,255,1,26
100,281,1,26
100,282,1,26
100,315,1,26
100,317,1,26
100,352,1,26
100,359,1,26
100,368,1,26
100,385,1,26
100,387,1,26
100,401,1,26
104,395,1,16
104,397,1,16
106,251,1,4
106,154,1,6
106,224,1,10
106,266,1,10
106,282,1,10
106,202,1,16
106,107,1,23
107,117,1,2
107,138,1,2
107,145,1,2
107,172,1,2
107,174,1,2
107,182,1,2
107,204,1,2
107,205,1,2
107,206,1,2
107,208,1,2
107,210,1,2
107,212,1,2
107,226,1,2
107,239,1,2
107,250,1,2
107,251,1,2
107,254,1,2
107,255,1,2
107,292,1,2
107,304,1,2
107,305,1,2
107,306,1,2
107,309,1,2
107,311,1,2
107,313,1,2
107,343,1,2
107,345,1,2
107,347,1,2
107,348,1,2
107,375,1,2
107,399,1,2
107,350,1,15
107,121,1,23
107,165,1,23
107,172,1,23
107,180,1,23
107,194,1,23
107,198,1,23
107,204,1,23
107,214,1,23
107,224,1,23
107,251,1,23
107,253,1,23
107,283,1,26
107,385,1,26
108,210,1,16
108,395,1,16
111,165,1,1
111,251,1,3
111,138,1,16
111,210,1,16
116,117,1,16
117,145,1,2
117,146,1,2
117,162,1,2
117,172,1,2
117,209,1,2
117,215,1,2
117,220,1,2
117,226,1,2
117,233,1,2
117,250,1,2
117,255,1,2
117,260,1,2
117,267,1,2
117,275,1,2
117,277,1,2
117,292,1,2
117,426,1,2
117,202,1,16
118,204,1,2
118,251,1,3
121,165,1,1
121,180,1,1
121,183,1,1
121,195,1,1
121,165,1,6
121,180,1,6
121,215,1,6
121,224,1,6
121,240,1,6
121,282,1,6
121,383,1,6
121,154,1,24
121,172,1,24
121,202,1,24
121,218,1,24
121,220,1,24
121,153,1,25
133,166,1,35
133,167,1,35
134,138,1,2
134,204,1,2
134,209,1,2
134,209,1,36
134,210,1,36
136,142,1,34
138,146,1,2
138,204,1,2
138,206,1,2
138,209,1,2
138,210,1,2
138,226,1,2
138,233,1,2
138,250,1,2
138,254,1,2
138,255,1,2
138,260,1,2
138,261,1,2
138,266,1,2
138,269,1,2
138,277,1,2
138,285,1,2
138,293,1,2
138,302,1,2
138,328,1,2
138,334,1,2
138,347,1,2
138,202,1,16
139,272,1,34
142,145,1,2
142,204,1,2
142,206,1,2
142,239,1,2
142,255,1,2
145,162,1,2
145,206,1,2
145,208,1,2
145,251,1,2
146,172,1,2
146,210,1,2
146,212,1,2
146,239,1,2
146,347,1,2
146,422,1,2
146,251,1,3
146,168,1,17
146,191,1,17
146,214,1,17
146,251,1,17
146,270,1,17
147,350,1,15
148,155,1,35
148,200,1,35
148,222,1,35
148,229,1,35
151,152,1,35
151,170,1,35
151,199,1,35
151,372,1,35
151,378,1,35
152,213,1,35
152,284,1,35
152,336,1,35
152,372,1,35
153,165,1,25
154,165,1,1
154,165,1,6
154,288,1,6
155,200,1,35
155,229,1,35
155,256,1,35
157,199,1,35
159,436,1,27
162,204,1,2
162,226,1,2
162,251,1,26
162,413,1,26
163,260,1,16
164,251,1,3
164,183,1,21
164,210,1,22
164,165,1,26
165,180,1,1
165,183,1,1
165,198,1,1
165,210,1,1
165,214,1,1
165,243,1,1
165,277,1,1
165,251,1,3
165,170,1,6
165,172,1,6
165,180,1,6
165,183,1,6
165,193,1,6
165,198,1,6
165,203,1,6
165,204,1,6
165,215,1,6
165,224,1,6
165,275,1,6
165,282,1,6
165,377,1,6
165,383,1,6
165,350,1,15
165,275,1,26
166,188,1,35
167,366,1,35
168,198,1,3
168,224,1,3
168,255,1,3
168,325,1,7
168,387,1,7
168,415,1,7
168,435,1,7
168,350,1,15
168,214,1,17
168,209,1,21
168,210,1,21
168,328,1,22
170,199,1,35
170,378,1,35
172,208,1,2
172,212,1,2
172,223,1,2
172,239,1,2
172,260,1,2
172,292,1,2
172,304,1,2
172,343,1,2
172,355,1,2
172,208,1,3
172,251,1,3
172,304,1,3
172,251,1,4
172,214,1,17
172,311,1,23
172,421,1,26
172,212,1,27
172,317,1,27
174,226,1,2
175,176,1,8
180,198,1,1
180,243,1,1
180,251,1,3
180,193,1,6
180,249,1,6
180,214,1,17
180,438,1,24
180,383,1,26
180,393,1,26
182,206,1,2
182,260,1,2
183,214,1,17
183,209,1,21
183,204,1,22
183,209,1,22
183,210,1,22
183,264,1,22
183,297,1,22
183,319,1,22
186,200,1,8
186,201,1,8
186,310,1,8
186,200,1,13
186,201,1,13
186,206,1,13
186,251,1,13
186,187,1,35
186,216,1,35
186,219,1,35
186,234,1,35
186,241,1,35
186,265,1,35
186,268,1,35
186,290,1,35
186,305,1,35
187,195,1,2
188,189,1,35
191,267,1,26
191,281,1,26
193,251,1,4
193,228,1,26
193,421,1,26
195,303,1,1
195,437,1,1
195,204,1,2
195,219,1,2
195,226,1,2
197,284,1,35
198,208,1,3
198,251,1,3
198,304,1,3
198,214,1,17
198,282,1,26
198,283,1,26
198,306,1,26
198,327,1,26
198,359,1,26
198,368,1,26
198,385,1,26
198,401,1,26
198,430,1,26
198,212,1,27
198,317,1,27
199,284,1,35
200,201,1,8
200,216,1,8
200,310,1,8
200,206,1,13
200,216,1,35
200,219,1,35
200,222,1,35
200,229,1,35
200,230,1,35
200,256,1,35
201,305,1,8
201,251,1,13
201,216,1,35
201,219,1,35
201,234,1,35
201,305,1,35
202,210,1,16
202,220,1,16
203,283,1,26
204,208,1,2
204,209,1,2
204,212,1,2
204,219,1,2
204,223,1,2
204,239,1,2
204,249,1,2
204,251,1,2
204,260,1,2
204,264,1,2
204,292,1,2
204,304,1,2
204,343,1,2
204,355,1,2
204,375,1,2
204,208,1,3
204,251,1,3
204,304,1,3
204,307,1,3
204,209,1,22
204,311,1,23
204,317,1,27
205,219,1,2
205,226,1,2
205,239,1,2
205,255,1,2
205,260,1,2
206,210,1,2
206,251,1,2
206,279,1,2
206,309,1,2
206,400,1,2
207,254,1,2
207,304,1,2
207,251,1,3
208,219,1,2
208,226,1,2
208,250,1,2
208,311,1,2
208,313,1,2
208,333,1,2
208,334,1,2
208,361,1,2
208,364,1,2
208,433,1,2
208,214,1,3
208,224,1,3
208,352,1,3
208,358,1,3
208,344,1,15
208,352,1,15
209,210,1,2
209,250,1,2
209,261,1,2
209,264,1,2
209,285,1,2
209,288,1,2
209,214,1,17
209,297,1,21
209,210,1,22
209,302,1,22
210,220,1,2
210,239,1,2
210,254,1,2
210,255,1,2
210,264,1,2
210,269,1,2
210,251,1,3
210,214,1,17
210,313,1,22
210,319,1,22
212,226,1,2
212,250,1,2
212,254,1,2
212,255,1,2
212,260,1,2
212,388,1,27
212,219,1,35
213,284,1,35
214,251,1,3
214,270,1,3
214,251,1,17
214,270,1,17
214,297,1,17
214,377,1,17
214,381,1,17
214,441,1,26
215,226,1,2
215,255,1,2
215,277,1,10
216,310,1,8
216,241,1,35
219,239,1,2
220,233,1,2
220,249,1,2
220,255,1,2
220,266,1,2
220,277,1,2
220,251,1,4
220,277,1,10
222,229,1,35
222,230,1,35
223,260,1,2
223,276,1,2
223,285,1,2
223,343,1,2
223,348,1,2
224,251,1,3
224,251,1,4
224,266,1,10
224,269,1,10
224,277,1,10
224,288,1,10
226,239,1,2
226,249,1,2
226,255,1,2
226,260,1,2
226,277,1,2
226,292,1,2
226,304,1,2
226,309,1,2
226,355,1,2
226,447,1,2
226,282,1,26
227,251,1,3
228,251,1,3
229,230,1,35
229,256,1,35
230,256,1,35
233,239,1,2
233,249,1,2
233,254,1,2
233,255,1,2
233,267,1,2
233,285,1,2
238,281,1,26
238,283,1,26
238,435,1,26
239,250,1,2
239,255,1,2
239,260,1,2
239,264,1,2
239,267,1,2
239,318,1,2
239,365,1,2
239,375,1,2
240,251,1,3
240,359,1,26
240,432,1,27
243,251,1,3
245,290,1,35
247,248,1,37
250,261,1,2
250,264,1,2
250,311,1,2
251,260,1,2
251,311,1,2
251,253,1,3
251,255,1,3
251,270,1,3
251,302,1,3
251,307,1,3
251,313,1,3
251,318,1,3
251,349,1,3
251,351,1,3
251,354,1,3
251,357,1,3
251,253,1,4
251,255,1,4
251,266,1,4
251,275,1,4
251,277,1,4
251,358,1,4
251,305,1,15
251,332,1,15
251,344,1,15
251,352,1,15
251,357,1,15
251,358,1,15
251,363,1,15
251,371,1,15
251,270,1,17
251,311,1,23
251,333,1,23
254,255,1,2
254,262,1,2
254,266,1,2
254,275,1,2
254,277,1,2
254,285,1,2
254,323,1,2
255,261,1,2
255,266,1,2
255,288,1,2
255,292,1,2
255,293,1,2
255,346,1,2
255,355,1,2
255,304,1,3
260,309,1,2
260,346,1,2
260,400,1,2
264,385,1,26
266,269,1,10
267,285,1,2
268,291,1,35
274,302,1,27
275,288,1,2
275,293,1,2
277,288,1,10
279,301,1,26
279,382,1,26
281,359,1,26
281,368,1,26
281,317,1,27
282,359,1,26
282,396,1,26
283,368,1,26
283,382,1,26
284,336,1,35
284,356,1,35
290,291,1,35
292,313,1,2
292,347,1,2
292,433,1,2
297,359,1,26
301,357,1,26
304,333,1,2
304,426,1,2
304,307,1,3
304,313,1,3
304,354,1,3
304,357,1,3
304,344,1,15
305,344,1,15
306,317,1,27
307,308,1,15
307,344,1,15
307,350,1,15
307,358,1,15
308,344,1,15
311,347,1,2
313,343,1,2
313,355,1,2
317,407,1,26
317,318,1,27
317,332,1,27
317,388,1,27
318,343,1,2
324,383,1,26
327,358,1,15
327,352,1,26
332,350,1,15
336,372,1,35
343,361,1,2
343,344,1,15
343,350,1,15
344,350,1,15
350,352,1,15
350,358,1,15
350,361,1,15
350,363,1,15
350,371,1,15
350,390,1,15
350,411,1,15
358,363,1,15
359,380,1,26
359,385,1,26
359,387,1,26
359,391,1,26
359,393,1,26
359,439,1,26
368,385,1,26
372,378,1,35
380,382,1,26
383,396,1,26
385,413,1,26
409,420,1,30
435,444,1,26
442,446,1,19
